{"cameraMode":{"drawMode":0,"name":"Shaded","section":"Shading Mode"},"sceneLighting":true,"audioPlay":false,"sceneViewState":{"m_AlwaysRefresh":false,"showFog":true,"showSkybox":true,"showFlares":true,"showImageEffects":true,"showParticleSystems":true,"showVisualEffectGraphs":true,"m_FxEnabled":true},"in2DMode":false,"pivot":{"x":3.6636104583740236,"y":0.8336109519004822,"z":-10.27971076965332},"rotation":{"x":-0.018217451870441438,"y":0.9746994972229004,"z":-0.08648690581321717,"w":-0.20530714094638825},"size":1.7355166673660279,"orthographic":true}