{"cameraMode":{"drawMode":0,"name":"Shaded","section":"Shading Mode"},"sceneLighting":false,"audioPlay":false,"sceneViewState":{"m_AlwaysRefresh":false,"showFog":true,"showSkybox":false,"showFlares":true,"showImageEffects":true,"showParticleSystems":true,"showVisualEffectGraphs":true,"m_FxEnabled":true},"in2DMode":false,"pivot":{"x":0.4299257695674896,"y":-0.5810796022415161,"z":-9.385462760925293},"rotation":{"x":-0.014002526178956032,"y":0.9864424467086792,"z":-0.0867176279425621,"w":-0.14192286133766175},"size":1.9523801803588868,"orthographic":false}