{"cameraMode":{"drawMode":0,"name":"Shaded","section":"Shading Mode"},"sceneLighting":false,"audioPlay":false,"sceneViewState":{"m_AlwaysRefresh":false,"showFog":true,"showSkybox":false,"showFlares":true,"showImageEffects":true,"showParticleSystems":true,"showVisualEffectGraphs":true,"m_FxEnabled":true},"in2DMode":false,"pivot":{"x":4.807947635650635,"y":1.7174783945083619,"z":-0.5304123759269714},"rotation":{"x":-0.001618637121282518,"y":0.99818354845047,"z":-0.049773938953876498,"w":-0.04041744023561478},"size":1.6622275114059449,"orthographic":false}