{"cameraMode":{"drawMode":0,"name":"Shaded","section":"Shading Mode"},"sceneLighting":false,"audioPlay":false,"sceneViewState":{"m_AlwaysRefresh":false,"showFog":true,"showSkybox":false,"showFlares":true,"showImageEffects":true,"showParticleSystems":true,"showVisualEffectGraphs":true,"m_FxEnabled":true},"in2DMode":false,"pivot":{"x":3.523796319961548,"y":4.767946243286133,"z":-19.750944137573243},"rotation":{"x":0.0020126893650740387,"y":0.9952396750450134,"z":0.09853659570217133,"w":-0.01633358746767044},"size":10.823861122131348,"orthographic":false}