{"cameraMode":{"drawMode":0,"name":"Shaded","section":"Shading Mode"},"sceneLighting":false,"audioPlay":false,"sceneViewState":{"m_AlwaysRefresh":false,"showFog":true,"showSkybox":false,"showFlares":true,"showImageEffects":true,"showParticleSystems":true,"showVisualEffectGraphs":true,"m_FxEnabled":true},"in2DMode":false,"pivot":{"x":0.009204268455505371,"y":0.9941462874412537,"z":-11.799666404724121},"rotation":{"x":-0.00205013039521873,"y":0.9974303841590881,"z":-0.07734504342079163,"w":-0.007893352769315243},"size":1.9494549036026,"orthographic":false}