{"cameraMode":{"drawMode":0,"name":"Shaded","section":"Shading Mode"},"sceneLighting":false,"audioPlay":false,"sceneViewState":{"m_AlwaysRefresh":false,"showFog":true,"showSkybox":false,"showFlares":true,"showImageEffects":true,"showParticleSystems":true,"showVisualEffectGraphs":true,"m_FxEnabled":true},"in2DMode":false,"pivot":{"x":-0.11243405938148499,"y":0.36826813220977785,"z":-2.3928112983703615},"rotation":{"x":-0.0008972210926003754,"y":0.9952319860458374,"z":-0.09917186200618744,"w":-0.016101298853754998},"size":2.0804929733276369,"orthographic":false}