{"cameraMode":{"drawMode":0,"name":"Shaded","section":"Shading Mode"},"sceneLighting":false,"audioPlay":false,"sceneViewState":{"m_AlwaysRefresh":false,"showFog":true,"showSkybox":false,"showFlares":true,"showImageEffects":true,"showParticleSystems":true,"showVisualEffectGraphs":true,"m_FxEnabled":true},"in2DMode":false,"pivot":{"x":1.2026172876358033,"y":0.8847177028656006,"z":1.6936054229736329},"rotation":{"x":0.09016457200050354,"y":0.705105185508728,"z":-0.09014609456062317,"w":0.6979638934135437},"size":2.0804929733276369,"orthographic":false}