{"cameraMode":{"drawMode":0,"name":"Shaded","section":"Shading Mode"},"sceneLighting":true,"audioPlay":false,"sceneViewState":{"m_AlwaysRefresh":false,"showFog":true,"showSkybox":true,"showFlares":true,"showImageEffects":true,"showParticleSystems":true,"showVisualEffectGraphs":true,"m_FxEnabled":true},"in2DMode":false,"pivot":{"x":0.6287234425544739,"y":2.38561749458313,"z":6.495136737823486},"rotation":{"x":-0.0028995650354772808,"y":0.9997721910476685,"z":0.003494666889309883,"w":0.03859250992536545},"size":0.8606951236724854,"orthographic":false}