{"cameraMode":{"drawMode":0,"name":"Shaded","section":"Shading Mode"},"sceneLighting":true,"audioPlay":false,"sceneViewState":{"m_AlwaysRefresh":false,"showFog":true,"showSkybox":true,"showFlares":true,"showImageEffects":true,"showParticleSystems":true,"showVisualEffectGraphs":true,"m_FxEnabled":true},"in2DMode":false,"pivot":{"x":2.2526352405548097,"y":-1.7237439155578614,"z":-28.07369041442871},"rotation":{"x":0.0033183887135237457,"y":0.9918649792671204,"z":-0.12065936625003815,"w":0.05208267271518707},"size":8.766298294067383,"orthographic":false}